<?xml version="1.0" encoding="UTF-8" ?>
<!-- estrutura do banco de dados do plugin de avisos
    - tabela local_avisos: guarda os avisos dos cursos com título, mensagem e data de envio
    - tabela local_avisos_templates: armazena modelos pré-definidos de avisos
     
-->
<XMLDB PATH="local/avisos/db" VERSION="20240101" COMMENT="XMLDB file for Moodle local/avisos"
    xmlns:xsi="http://www.w3.org/2001/XMLSchema-instance"
    xsi:noNamespaceSchemaLocation="../../../lib/xmldb/xmldb.xsd"
>
    <TABLES>
        <TABLE NAME="local_avisos" COMMENT="Armazena os avisos do curso">
            <FIELDS>
                <FIELD NAME="id" TYPE="int" LENGTH="10" NOTNULL="true" SEQUENCE="true"/>
                <FIELD NAME="courseid" TYPE="int" LENGTH="10" NOTNULL="true" DEFAULT="0" SEQUENCE="false"/>
                <FIELD NAME="title" TYPE="char" LENGTH="255" NOTNULL="true" SEQUENCE="false"/>
                <FIELD NAME="message" TYPE="text" NOTNULL="true" SEQUENCE="false"/>
                <FIELD NAME="senddate" TYPE="int" LENGTH="10" NOTNULL="true" DEFAULT="0" SEQUENCE="false"/>
                <FIELD NAME="sent" TYPE="int" LENGTH="1" NOTNULL="true" DEFAULT="0" SEQUENCE="false"/>
                <FIELD NAME="timecreated" TYPE="int" LENGTH="10" NOTNULL="true" DEFAULT="0" SEQUENCE="false"/>
                <FIELD NAME="timemodified" TYPE="int" LENGTH="10" NOTNULL="true" DEFAULT="0" SEQUENCE="false"/>
                <FIELD NAME="createdby" TYPE="int" LENGTH="10" NOTNULL="true" DEFAULT="0" SEQUENCE="false"/>
            </FIELDS>
            <KEYS>
                <KEY NAME="primary" TYPE="primary" FIELDS="id"/>
                <KEY NAME="courseid" TYPE="foreign" FIELDS="courseid" REFTABLE="course" REFFIELDS="id"/>
            </KEYS>
            <INDEXES>
                <INDEX NAME="senddate" UNIQUE="false" FIELDS="senddate"/>
            </INDEXES>
        </TABLE>
    </TABLES>
</XMLDB>